feature_1,feature_2,feature_3,feature_4,feature_5,feature_6,feature_7,feature_8,feature_9,feature_10,outlier
0.039420303,0.02368015,0.046624307,0.024319617,0.050271,0.026169797,0.6898187,0.019888299,0.040837802,0.038969915,1
0.31384096,0.033696134,0.1152721,0.16255939,0.1207246,0.051405564,0.077553086,0.02522302,0.060518242,0.039206862,1
0.27968258,0.048359353,0.07044721,0.042863723,0.036158867,0.05726768,0.083356015,0.032707747,0.30092114,0.048235726,1
0.30062753,0.059124835,0.12493661,0.02938406,0.061984494,0.07697812,0.03731858,0.050672486,0.19739813,0.061575152,1
0.28208223,0.05531894,0.10089125,0.19459444,0.092073984,0.048523586,0.08995529,0.025456049,0.038934693,0.072169535,1
0.22620355,0.032820392,0.050021786,0.12108961,0.057199247,0.060914114,0.23451069,0.033599045,0.12871446,0.054927114,1
0.23478563,0.040047426,0.029619021,0.07304827,0.06084928,0.046780832,0.3854989,0.019325607,0.0503294,0.05971555,1
0.10529678,0.04393853,0.17552212,0.049897704,0.030215923,0.034141146,0.4241392,0.019720025,0.065981746,0.051146805,1
0.08726791,0.027522538,0.19444154,0.15520142,0.068917185,0.015926495,0.34084532,0.018100467,0.059966255,0.03181084,1
0.3297311,0.041074224,0.11725354,0.075116485,0.04015391,0.08297203,0.14917834,0.02949829,0.10280926,0.032212775,1
0.059332382,0.022638094,0.109361984,0.074163266,0.017819287,0.0154749565,0.6012359,0.015517134,0.05302876,0.03142828,1
0.108131796,0.070912294,0.12564516,0.058637545,0.055524107,0.034492213,0.13782103,0.019700726,0.32343656,0.0656986,1
0.06617766,0.041221753,0.43186972,0.04646569,0.061142493,0.027782049,0.14377825,0.03960896,0.06720577,0.074747704,1
0.22536045,0.026888054,0.061460882,0.04025486,0.12006198,0.04627955,0.33910176,0.012282817,0.069957204,0.058352444,1
0.21154663,0.021068312,0.068814725,0.043765713,0.015394265,0.06436826,0.5164508,0.016981568,0.018498842,0.023110868,1
0.7077748,0.030334918,0.043546695,0.025269212,0.020046825,0.041519955,0.023056522,0.017195595,0.072081596,0.019173905,1
0.43804604,0.03257283,0.15148103,0.07519334,0.036017843,0.06342664,0.07879498,0.025375368,0.06409058,0.035001278,1
0.36355397,0.059516266,0.10325452,0.03580502,0.09503463,0.06570557,0.033909284,0.028666828,0.15957159,0.05498231,1
0.24411839,0.055488717,0.22958203,0.08398447,0.108704895,0.061166104,0.10383678,0.029509882,0.052822873,0.030785916,1
0.25281245,0.035542026,0.28582206,0.12792704,0.06613421,0.036509648,0.07500544,0.01064747,0.07718708,0.032412663,1
0.061711885,0.01578252,0.016705092,0.013013878,0.010744455,0.023879435,0.8024974,0.013903173,0.021387443,0.020374715,1
0.43990296,0.013434444,0.049103815,0.089771,0.0701114,0.11374852,0.06811008,0.031910453,0.062335633,0.061571725,1
0.32136518,0.03150753,0.03485327,0.102498695,0.03602927,0.057371397,0.021830274,0.014761216,0.34403342,0.035749864,1
0.097157486,0.023306802,0.0342029,0.095579945,0.101965204,0.026347715,0.46434644,0.038010888,0.057754755,0.06132792,1
0.060176987,0.02434688,0.040819652,0.02412113,0.026622474,0.021199703,0.71845394,0.02279079,0.03264044,0.028827997,1
0.16873331,0.030855695,0.0506195,0.06877603,0.052766718,0.063185155,0.29958376,0.036149606,0.16737674,0.06195351,1
0.3538297,0.03279391,0.057764333,0.08758154,0.054039694,0.04006273,0.01986218,0.0168309,0.29259047,0.04464458,1
0.16404901,0.029144963,0.036058925,0.08741046,0.06619289,0.079846494,0.2050262,0.029374244,0.2380128,0.06488404,1
0.15259852,0.025461769,0.052785467,0.27428558,0.07164742,0.05489176,0.24597542,0.02200419,0.033774763,0.06657509,1
0.2483491,0.051281918,0.1579599,0.04381556,0.110235274,0.04532617,0.20613076,0.031382684,0.054067586,0.05145107,1
0.4421789,0.043809053,0.08018111,0.05828462,0.036612723,0.10212438,0.101763755,0.018279977,0.07303603,0.043729376,1
0.33209223,0.036696352,0.044503007,0.027728926,0.032016695,0.08772028,0.10538136,0.013169798,0.2959573,0.024734072,1
0.55728585,0.036026552,0.09670011,0.045535102,0.023693163,0.08187755,0.077415295,0.020559203,0.03548693,0.025420148,1
0.13490775,0.033075046,0.446886,0.16763714,0.047390167,0.04946018,0.015902573,0.0075196894,0.057815216,0.039406233,1
0.58424723,0.028656606,0.03346847,0.07247531,0.05899558,0.060586464,0.07926508,0.009117661,0.038092233,0.03509539,1
0.21906926,0.03744721,0.1820976,0.07998954,0.12024341,0.10056541,0.15616359,0.020521907,0.042337105,0.041564904,1
0.035291642,0.01955708,0.024041992,0.027559474,0.031290382,0.034853447,0.75786835,0.01688448,0.023227317,0.029425874,1
0.022256901,0.029145863,0.7463608,0.037749797,0.027641527,0.032189056,0.03065671,0.019543773,0.027028903,0.027426746,1
0.04265998,0.012547999,0.015904214,0.010986599,0.026822094,0.015146403,0.7824216,0.033088677,0.027954953,0.032467473,1
0.0807307,0.015213425,0.019402472,0.04957226,0.05922203,0.026428852,0.66251516,0.024912493,0.028897535,0.033105046,1
0.4837212,0.029289307,0.04848057,0.10528593,0.05950813,0.08030516,0.033212125,0.043538645,0.074735165,0.041923687,1
0.33966506,0.053276993,0.120252006,0.023584692,0.04394669,0.04774764,0.059389513,0.05290404,0.20350483,0.05572854,1
0.36038315,0.026917411,0.052006997,0.031343553,0.037830725,0.04789154,0.3669943,0.016776148,0.031109462,0.028746812,1
0.48122045,0.0222143,0.10199929,0.05022052,0.030834591,0.019153934,0.026090534,0.0316556,0.20950519,0.027105654,1
0.025149403,0.023228008,0.031173669,0.023337074,0.024435567,0.020842033,0.7782342,0.020251865,0.029879054,0.023469213,1
0.122254536,0.04805902,0.26947626,0.07300221,0.07329074,0.09475533,0.13793461,0.018284386,0.048627082,0.114315815,1
0.16643381,0.018867461,0.16783698,0.34344542,0.046568386,0.0469865,0.054416735,0.030019753,0.07904107,0.046383906,1
0.09442338,0.017713921,0.05121116,0.72288173,0.015620545,0.018938953,0.010723109,0.012191931,0.035730984,0.02056431,1
0.2561754,0.048076477,0.06422292,0.046595797,0.04894358,0.051794555,0.072328255,0.046155434,0.289305,0.07640256,1
0.24155205,0.0328012,0.44329384,0.039413948,0.045961533,0.027045494,0.027054407,0.010535113,0.100455776,0.03188665,1
0.4212028,0.03667515,0.08627439,0.10773368,0.03638428,0.03292276,0.027216775,0.025709102,0.17796485,0.047916226,1
0.038523782,0.01763654,0.037164684,0.044669155,0.023230948,0.028236546,0.74078155,0.015147462,0.026357705,0.02825153,1
0.29337138,0.045431096,0.18795328,0.05785961,0.039667882,0.06096442,0.19259387,0.033173814,0.043460157,0.045524508,1
0.12925296,0.016244585,0.0344652,0.039371114,0.03705518,0.030959709,0.623097,0.015293506,0.04346131,0.030799424,1
0.12271111,0.047396578,0.069657326,0.05006049,0.08531739,0.047130134,0.40846962,0.046249013,0.044563655,0.078444675,1
0.3184049,0.038538072,0.050020527,0.046001133,0.030776927,0.08249987,0.27002823,0.028666241,0.10058501,0.034479093,1
0.12798586,0.037235256,0.039100062,0.031275187,0.08962538,0.04784339,0.4845547,0.03416592,0.05714174,0.05107253,1
0.11781302,0.036587697,0.06129873,0.08758972,0.07789827,0.052452546,0.36773714,0.039230175,0.08419975,0.07519298,1
0.06437461,0.019951055,0.010102307,0.013932478,0.021627873,0.027556263,0.78648424,0.011457483,0.022153346,0.02236036,1
0.22706133,0.031143505,0.093349025,0.083396085,0.069147564,0.039328955,0.361662,0.016549401,0.035415735,0.042946443,1
0.11296635,0.018309327,0.6847963,0.024600586,0.021016905,0.016057162,0.052954312,0.0071705347,0.032608263,0.029520238,1
0.12695338,0.03904208,0.1416772,0.34347114,0.046126697,0.018374264,0.083191074,0.024112238,0.12928952,0.047762465,1
0.038304288,0.021640755,0.022965975,0.021129178,0.028513227,0.027193516,0.7634601,0.015763067,0.030382684,0.030647174,1
0.7627446,0.01935714,0.0372297,0.028610943,0.007925712,0.041190997,0.029882463,0.013527651,0.046503652,0.013027193,1
0.09882868,0.02081113,0.017850282,0.034526538,0.035595875,0.02591419,0.693719,0.02822752,0.016124317,0.028402414,1
0.053688083,0.02005033,0.112493455,0.24836203,0.017622748,0.022159241,0.43700287,0.0137018375,0.04243482,0.032484554,1
0.11358159,0.044328064,0.47874537,0.123281695,0.061758786,0.0147035355,0.07313557,0.009285847,0.050901815,0.030277712,1
0.39252764,0.039483983,0.06815124,0.038495857,0.039076127,0.06625997,0.14421771,0.03684837,0.12502317,0.049915902,1
0.19493507,0.023741659,0.036891088,0.0901924,0.08828937,0.053205866,0.38515466,0.010198212,0.07570238,0.04168931,1
0.74498135,0.029689636,0.025108028,0.005502323,0.030153457,0.034224845,0.026581336,0.04489946,0.034814138,0.024045449,1
0.124468856,0.024647415,0.059164032,0.11126108,0.038486186,0.045156825,0.4846152,0.020574681,0.055623405,0.03600235,1
0.03724411,0.021377323,0.07158314,0.035095066,0.03799553,0.018203894,0.6811798,0.018847667,0.042257383,0.036215995,1
0.16175672,0.024326505,0.68946695,0.014026897,0.02184115,0.0258553,0.015666673,0.00973062,0.019407624,0.017921573,1
0.06362059,0.026982065,0.049687438,0.106876105,0.058160566,0.027086558,0.5547883,0.015481469,0.04680256,0.050514344,1
0.25376955,0.055821687,0.14711638,0.025431616,0.062586494,0.08089588,0.044746332,0.050957702,0.21842985,0.060244493,1
0.35364097,0.04268243,0.20886318,0.07456083,0.101427816,0.08060224,0.027788468,0.012439475,0.06366478,0.034329776,1
0.11841399,0.023953917,0.1763917,0.08082306,0.024906382,0.02939398,0.036395326,0.028057316,0.43330982,0.048354395,1
0.19961824,0.045703765,0.1787897,0.1840829,0.12507576,0.046192206,0.11758627,0.025639946,0.049008925,0.028302353,1
0.31739968,0.03254322,0.058109492,0.059495475,0.050427698,0.030328397,0.29642075,0.032970846,0.051065713,0.07123876,1
0.6678187,0.03486977,0.12796617,0.009137963,0.03341466,0.041087702,0.024378546,0.013999222,0.026032398,0.021294802,1
0.025484243,0.024449013,0.021790512,0.041611478,0.017226145,0.0183057,0.76352257,0.031404,0.030398026,0.025808293,1
0.17216697,0.019182583,0.027802933,0.01451723,0.029842405,0.03188563,0.60036945,0.02908201,0.050474443,0.024676349,1
0.44405004,0.035966165,0.024496399,0.07129079,0.02590574,0.09490978,0.10874263,0.008906042,0.15495798,0.030774407,1
0.1024643,0.04435724,0.20727816,0.15514582,0.075075425,0.054591127,0.23583952,0.025778417,0.044786554,0.054683346,1
0.10329408,0.05792867,0.13925223,0.033444166,0.05563304,0.055772725,0.41521022,0.047613982,0.054274812,0.037576046,1
0.6294573,0.01592541,0.030793678,0.12096098,0.06703674,0.025005912,0.066396214,0.010884871,0.018581484,0.014957324,1
0.26930246,0.03730272,0.046178833,0.04989202,0.027028807,0.07633509,0.32292226,0.03116589,0.10605605,0.033815883,1
0.11329356,0.043584496,0.25113404,0.059565946,0.023411138,0.014795314,0.38955727,0.0129440185,0.047715716,0.04399846,1
0.24671572,0.041300762,0.099918336,0.052686773,0.085520975,0.111039996,0.24673817,0.020319495,0.04435909,0.051400695,1
0.1958347,0.037470333,0.1321071,0.074885294,0.099872105,0.042786475,0.3100913,0.013741578,0.03636393,0.056847256,1
0.06549615,0.025183065,0.055277653,0.014764783,0.02016817,0.017811354,0.6944005,0.03098217,0.047778588,0.028137632,1
0.30742165,0.02118475,0.08174189,0.070945956,0.09304963,0.054401055,0.26012066,0.026364634,0.04256751,0.042202204,1
0.06754483,0.027926756,0.08713818,0.17023745,0.09376939,0.16428472,0.21711093,0.060420875,0.066057846,0.045509003,1
0.21006371,0.039669234,0.47641838,0.029473687,0.0487345,0.032615997,0.051494244,0.01985932,0.052227963,0.039443,1
0.104181565,0.039074704,0.5099782,0.1096307,0.020981118,0.014752749,0.06899868,0.018256908,0.07037185,0.04377351,1
0.039756507,0.025851592,0.29644072,0.046015486,0.025700035,0.043711934,0.44319797,0.022545666,0.02589499,0.030885104,1
0.7855121,0.022207472,0.022365423,0.012277021,0.014082388,0.059047796,0.030589784,0.015864948,0.022783829,0.015269234,1
0.595957,0.043458924,0.114654444,0.014871519,0.03210403,0.064908594,0.06392487,0.015271073,0.02581797,0.029031463,1
0.65934813,0.033835217,0.028382545,0.06045663,0.037826378,0.050948743,0.025588691,0.030122364,0.047773063,0.025718227,1
0.12185051,0.041886196,0.37758502,0.08944802,0.16364402,0.029287098,0.0581757,0.020929776,0.06107182,0.036121834,1
0.15575737,0.01518084,0.018821018,0.035094835,0.02359903,0.022807727,0.66391855,0.008530047,0.023554672,0.03273597,1
0.046224345,0.018235417,0.06334641,0.013597646,0.017050017,0.02007972,0.7603868,0.019075202,0.022325369,0.019679029,1
0.039904863,0.028716033,0.65642625,0.044220224,0.034100816,0.025132556,0.0836085,0.022858677,0.023488853,0.041543186,1
0.27067232,0.047600433,0.09651562,0.16979657,0.11603202,0.07454797,0.08256264,0.041056436,0.04653757,0.05467848,1
0.0327732,0.011782469,0.017722905,0.0061344826,0.018367918,0.014436203,0.8477123,0.014610637,0.021789879,0.014670038,1
0.24307366,0.04048067,0.20646977,0.110500544,0.07558727,0.027153935,0.14794637,0.01793629,0.0913743,0.039477244,1
0.31846023,0.060103934,0.0723279,0.14188828,0.047382202,0.07698869,0.06637415,0.047258254,0.1300392,0.0391771,1
0.3425142,0.024216734,0.042248536,0.09579826,0.06371996,0.077341944,0.19343413,0.02434191,0.08918657,0.04719778,1
0.07042213,0.03434509,0.039228864,0.020960633,0.030858368,0.03295566,0.6515798,0.041729923,0.03632711,0.041592445,1
0.4432147,0.029363027,0.20125827,0.03775894,0.042559884,0.07739706,0.03287596,0.019010369,0.08034505,0.036216762,1
0.19748688,0.045073375,0.043320667,0.35487756,0.039546575,0.045242928,0.11885941,0.033584338,0.07487256,0.04713575,1
0.18768305,0.0360408,0.49700603,0.058060978,0.044415113,0.026804006,0.051567595,0.013149062,0.045989875,0.039283514,1
0.7639827,0.020578675,0.049153835,0.0125544965,0.015312781,0.012919133,0.018865658,0.022387665,0.06313527,0.021109808,1
0.065454714,0.036517452,0.650471,0.05898973,0.06768838,0.014513768,0.020186031,0.0072807064,0.053727012,0.025171157,1
0.51809376,0.020434812,0.10268862,0.073483914,0.08163925,0.08115421,0.04838252,0.015759934,0.026096845,0.032266125,1
0.22676718,0.019124225,0.05011482,0.0268563,0.08101202,0.08569166,0.38233262,0.011690242,0.04576411,0.070646845,1
0.29245132,0.02930963,0.077433,0.28817615,0.03404773,0.031726517,0.1349437,0.022804435,0.052128717,0.036978815,1
0.6381654,0.03586513,0.097149186,0.020749854,0.02962921,0.053823505,0.036942422,0.012450785,0.047972243,0.02725216,1
0.13991985,0.04358305,0.13200705,0.19022629,0.09417274,0.040840395,0.16254053,0.020892628,0.08518141,0.090636045,1
0.15685965,0.040782347,0.05061091,0.07268538,0.07327238,0.043100264,0.4281272,0.030264445,0.048856884,0.055440586,1
0.3997977,0.024816658,0.23231079,0.0314281,0.04723661,0.048306447,0.091205694,0.011210025,0.06002944,0.05365854,1
0.38289836,0.034011267,0.023530316,0.05474235,0.056631114,0.06089746,0.12531891,0.038484093,0.18743469,0.0360515,1
0.28356883,0.06450729,0.33791685,0.064547375,0.054836545,0.030187307,0.024732286,0.013477903,0.08861934,0.03760626,1
0.15381488,0.07782268,0.07116689,0.14457245,0.0878649,0.057592206,0.18896174,0.06540185,0.08119217,0.07161018,1
0.57707,0.028454313,0.09558903,0.047485676,0.051662996,0.045068968,0.099178895,0.012133659,0.015562798,0.027793605,1
0.061640315,0.03126582,0.67805207,0.028556382,0.03071085,0.014393024,0.054587904,0.015710734,0.047026254,0.038056623,1
0.30307627,0.045939103,0.15297885,0.10888292,0.06617571,0.049002767,0.03472412,0.01146498,0.1667464,0.061008923,1
0.40395224,0.018384207,0.055200968,0.13255043,0.11714256,0.05707872,0.058855467,0.019134663,0.07153114,0.0661696,1
0.10083081,0.06980435,0.06834302,0.09755423,0.0969492,0.052382544,0.31880358,0.037840433,0.09247623,0.065015644,1
0.121449836,0.027668731,0.038909104,0.5652949,0.041371565,0.09630247,0.030341348,0.011060102,0.034737553,0.032864314,1
0.24623108,0.063815944,0.29941428,0.05932086,0.08031722,0.03686092,0.05331799,0.020972243,0.09002277,0.049726706,1
0.012745256,0.015141633,0.8696361,0.01240687,0.010897942,0.011873237,0.027293215,0.0118637355,0.013804901,0.014337081,1
0.04107893,0.024192173,0.018720672,0.012874084,0.019618586,0.023986796,0.7854883,0.021500887,0.027695451,0.024844188,1
0.20012246,0.036546078,0.061693635,0.06975778,0.094516926,0.07682553,0.28740487,0.03796439,0.091275364,0.04389301,1
0.37253064,0.035998482,0.19136143,0.021125505,0.02505567,0.037664887,0.15923506,0.033968262,0.08814652,0.034913525,1
0.22165996,0.030885046,0.03192054,0.03774273,0.08358042,0.03216888,0.20505945,0.04498198,0.26777098,0.044230033,1
0.12757467,0.054911595,0.03695889,0.0735113,0.055570707,0.038041376,0.22256619,0.06925079,0.27819797,0.043416522,1
0.23137589,0.033126477,0.024667088,0.014855215,0.057217848,0.064280696,0.4223796,0.021247637,0.08627636,0.044573106,1
0.052408833,0.036743872,0.74369454,0.027070355,0.022331793,0.02082884,0.028612956,0.01929094,0.020401208,0.028616695,1
0.03887164,0.022156589,0.032948155,0.01926463,0.02824794,0.031417858,0.7514926,0.015871657,0.03050375,0.029225087,1
0.17057312,0.0285701,0.08570579,0.038455524,0.07565893,0.04691461,0.39875734,0.043020267,0.059927493,0.052416883,1
0.048119932,0.025387041,0.09839483,0.027497374,0.062978275,0.0201537,0.6363217,0.01882038,0.021804025,0.040522795,1
0.47753173,0.016665561,0.01045457,0.2501065,0.05610653,0.032553572,0.008542906,0.00811471,0.118592806,0.021331126,1
0.5868022,0.027076827,0.04141374,0.022126207,0.012319494,0.12540708,0.05475681,0.046005554,0.06450306,0.019589014,1
0.5807154,0.044032443,0.027314514,0.048496146,0.07434418,0.0679934,0.047811594,0.033662107,0.049871534,0.025758684,1
0.16342802,0.032265935,0.042413265,0.052788768,0.05843406,0.05726564,0.4177255,0.027187167,0.09417951,0.054312024,1
0.1708438,0.031468976,0.5152957,0.057814386,0.07408986,0.05257917,0.0365861,0.012341318,0.027502695,0.021477943,1
0.44076052,0.05696489,0.12552407,0.078304045,0.039893076,0.058048386,0.07104817,0.041930906,0.054584995,0.032940928,1
0.1145932,0.03481979,0.10575429,0.058058675,0.15083276,0.11542826,0.22710787,0.037391897,0.08955806,0.06645516,1
0.285568,0.038652603,0.051266786,0.04527943,0.03632951,0.083295114,0.05610577,0.02868713,0.33820936,0.03660638,1
0.22511606,0.05496817,0.1555617,0.03507163,0.057346765,0.052039284,0.083454706,0.069144085,0.21144561,0.055852056,1
0.71324104,0.015564824,0.013406393,0.050220452,0.052553516,0.04253717,0.017644342,0.011040867,0.07028668,0.0135047715,1
0.5698902,0.020831253,0.0336031,0.049174007,0.012707368,0.12022315,0.043578442,0.040957544,0.09172704,0.017307868,1
0.6058132,0.027489785,0.10678694,0.047217418,0.030301351,0.031672616,0.084655814,0.008696394,0.020733768,0.036632717,1
0.055223867,0.017723065,0.03501723,0.042408966,0.04531583,0.026715076,0.6632711,0.016837463,0.06528478,0.03220259,1
0.2613072,0.029564658,0.16305831,0.032948256,0.14673033,0.05722787,0.19150464,0.026504105,0.040983185,0.05017141,1
0.04386173,0.03643223,0.03883067,0.03874751,0.05808628,0.04168786,0.6246561,0.032386314,0.047158144,0.03815319,1
0.31411207,0.041260876,0.31569615,0.03299456,0.08418898,0.050955404,0.066061646,0.010292891,0.04740023,0.037037175,1
0.24001735,0.06380536,0.27412233,0.04533732,0.06857198,0.018396905,0.104194514,0.03450803,0.099480584,0.05156562,1
0.5558222,0.03446063,0.12458388,0.03511416,0.10664768,0.029781682,0.029091567,0.012266392,0.03872487,0.03350695,1
0.18736692,0.028840734,0.059016764,0.031115053,0.054590147,0.04326953,0.44342744,0.042077117,0.048617426,0.061678883,1
0.17697576,0.027800694,0.037183583,0.29680175,0.039575543,0.05382563,0.24452932,0.024180513,0.044727497,0.054399695,1
0.5553961,0.0313286,0.09401799,0.025948588,0.021655666,0.06250423,0.057013106,0.010993613,0.10943521,0.0317069,1
0.2576441,0.04092987,0.058063,0.1413537,0.127348,0.07531744,0.15569568,0.021640416,0.08201409,0.039993733,1
0.047600225,0.022766342,0.7681088,0.025213763,0.013800934,0.02723552,0.037133384,0.006497943,0.02060706,0.031035954,1
0.34638315,0.038240787,0.1000419,0.04693666,0.052040074,0.056137837,0.07536072,0.03470581,0.20243707,0.047716007,1
0.044348016,0.024416408,0.019769078,0.020346409,0.027148627,0.02634566,0.7527946,0.031465184,0.029218523,0.02414749,1
0.45491692,0.035585772,0.19269212,0.109940514,0.050276197,0.03793211,0.036874693,0.018597081,0.029207636,0.033976987,1
0.06705603,0.039199762,0.07999426,0.31415427,0.08158779,0.025318272,0.18995121,0.041734796,0.09977258,0.061231058,1
0.86359805,0.016227895,0.009382818,0.02358933,0.0123648085,0.01945308,0.021587959,0.015570914,0.008640746,0.009584311,1
0.12863989,0.040739954,0.024144655,0.26660123,0.10563061,0.06334424,0.18963952,0.026350638,0.07093193,0.083977334,1
0.054393917,0.016078753,0.017057635,0.014140026,0.016538441,0.027201464,0.7849216,0.022472044,0.01935662,0.027839487,1
0.1595098,0.023440585,0.030830758,0.07786015,0.12544996,0.06125544,0.04568206,0.023647,0.392984,0.059340253,1
0.5183576,0.029958144,0.18471046,0.030455673,0.03745803,0.020602418,0.031232666,0.01104415,0.10401766,0.032163233,1
0.17790325,0.048103467,0.112629645,0.021237003,0.026993439,0.14723274,0.36832365,0.011921945,0.055712566,0.029942242,1
0.23182946,0.04385171,0.09625858,0.049401365,0.057648398,0.08616034,0.26517293,0.029704494,0.07816754,0.061805155,1
0.21262711,0.03697143,0.1187247,0.19432919,0.09936661,0.03936742,0.11324655,0.04320843,0.10054244,0.041616123,1
0.100961626,0.05833013,0.3359684,0.049981594,0.09346396,0.030583538,0.09895679,0.028803702,0.122423075,0.08052719,1
0.46792376,0.032381903,0.06535097,0.023007656,0.023348605,0.028833333,0.24436209,0.02713124,0.05095492,0.03670554,1
0.049576208,0.057952583,0.36754152,0.24576665,0.030273685,0.051837813,0.084470496,0.027182553,0.044133388,0.041265093,1
0.045332983,0.026178682,0.022214182,0.026328461,0.02534653,0.024620077,0.75548565,0.023144113,0.025094906,0.026254363,1
0.09213946,0.03290244,0.027371531,0.017927527,0.040178824,0.027884182,0.30427614,0.07347478,0.33677962,0.047065463,1
0.18852414,0.033701934,0.023535475,0.0320734,0.03622638,0.052011892,0.49594447,0.045794033,0.03860101,0.05358724,1
0.12022498,0.04516426,0.09409798,0.07542927,0.11343278,0.043682445,0.34056956,0.030128047,0.068749264,0.06852149,1
0.17711605,0.058032848,0.44290742,0.07826825,0.05245434,0.080780886,0.023498558,0.022529157,0.027071953,0.03734057,1
0.18536255,0.056675673,0.17478053,0.11992335,0.11613833,0.07664381,0.11203454,0.0332148,0.08359199,0.041634444,1
0.17251442,0.049064737,0.11244025,0.08298546,0.092132784,0.059381615,0.10735389,0.06669531,0.1920752,0.065356344,1
0.62363034,0.031342316,0.03508034,0.03492072,0.035091754,0.066133544,0.029955002,0.021901388,0.103914134,0.018030453,1
0.42843315,0.021320932,0.035286408,0.031710245,0.028667454,0.06578374,0.029652528,0.025854085,0.3040934,0.02919798,1
0.07291662,0.03845325,0.6583346,0.025185259,0.043453213,0.037590954,0.042836744,0.016510215,0.028278923,0.036440205,1
0.047008537,0.02550799,0.019173918,0.024539815,0.024501119,0.020286487,0.7572674,0.016863124,0.03391713,0.030934535,1
0.7908881,0.02169855,0.024650697,0.0102082,0.013384634,0.05217189,0.007847115,0.010425619,0.054524224,0.014201068,1
0.030291302,0.0156543,0.021128487,0.025609646,0.0175612,0.018555736,0.8160827,0.017103441,0.018090488,0.01992272,1
0.08969039,0.024871401,0.015030733,0.028565325,0.032954115,0.042290688,0.029721597,0.021793896,0.6840489,0.031032963,1
0.287002,0.036422845,0.0705135,0.04358857,0.06649208,0.039578073,0.29698294,0.02937223,0.050508756,0.07953903,1
0.6570339,0.033475347,0.032154478,0.039750833,0.03478214,0.061289553,0.06089842,0.03827366,0.024632908,0.017708689,1
0.023424204,0.038476717,0.69033295,0.05942382,0.04109526,0.054432277,0.014898721,0.015002057,0.026122479,0.0367915,1
0.0894383,0.052943796,0.044315156,0.18511772,0.10908838,0.0550397,0.29159844,0.039328266,0.04622107,0.08690918,1
0.1470167,0.040694967,0.06333123,0.055380724,0.12511185,0.059027094,0.29955155,0.04348229,0.09087563,0.07552795,1
0.089818634,0.022709908,0.030240456,0.027330453,0.03395597,0.022563817,0.6919801,0.019869892,0.03295489,0.028575843,1
0.13441734,0.032980774,0.060139887,0.06659143,0.043030415,0.05725302,0.38949302,0.031337537,0.13062266,0.054133885,1
0.2286999,0.04371445,0.06731344,0.14814442,0.06773002,0.06479889,0.16291745,0.03554965,0.12114747,0.05998427,1
0.09981371,0.018579468,0.023471305,0.008202042,0.016883278,0.027870234,0.76196253,0.010583065,0.010811669,0.021822734,1
0.02387722,0.022133648,0.02016002,0.019111888,0.037773028,0.017782185,0.782533,0.02298408,0.020895738,0.03274918,1
0.23368385,0.026139585,0.025947273,0.076594636,0.09274512,0.06398031,0.24609402,0.036797285,0.13895312,0.059064705,1
0.25943765,0.027528822,0.034650736,0.08396183,0.055687808,0.058693767,0.13934211,0.04295101,0.25911385,0.038632452,1
0.06834535,0.0190579,0.015442827,0.01351543,0.012428064,0.024055503,0.78675956,0.014674224,0.025858786,0.019862358,1
0.13088624,0.04119724,0.090384945,0.035616945,0.05803503,0.015622838,0.34207466,0.029085398,0.21299991,0.044096857,1
0.79735595,0.0262104,0.03442839,0.010954582,0.0103125665,0.03536945,0.01293195,0.011570914,0.041272614,0.01959323,1
0.09052359,0.03747668,0.0669514,0.03883043,0.061855182,0.04616484,0.54286456,0.028657297,0.044708513,0.04196749,1
0.09383627,0.022924151,0.020653533,0.020278778,0.019674093,0.033957843,0.7094704,0.017608576,0.026148964,0.035447452,1
0.18958297,0.0549897,0.36166862,0.09006787,0.07352077,0.019143164,0.104035504,0.019719327,0.05694067,0.030331362,1
0.025162462,0.020361945,0.026565619,0.020422202,0.018765816,0.021337831,0.8037699,0.019780455,0.0257728,0.018061044,1
0.114397876,0.034429137,0.023157516,0.10349994,0.058417216,0.08640546,0.028437333,0.018515578,0.48639357,0.046346445,1
0.039929163,0.01937345,0.014498904,0.04193072,0.018349757,0.016980015,0.7623806,0.020890148,0.042961467,0.022705764,1
0.045898907,0.031039009,0.033381827,0.032778352,0.050952774,0.046885982,0.65491,0.027122257,0.040491942,0.03653893,1
0.33096913,0.042394213,0.2834269,0.057084378,0.07729837,0.021993669,0.031920258,0.013059897,0.106730804,0.035122383,1
0.11284107,0.017814238,0.022509918,0.02207548,0.03264593,0.035329454,0.6833513,0.01267835,0.025074776,0.035679538,1
0.3323758,0.04400648,0.12834622,0.07643141,0.12621021,0.064269304,0.097298495,0.016722653,0.06269218,0.05164725,1
0.018699842,0.013869128,0.010660418,0.0134089785,0.011128307,0.029958425,0.8394502,0.013368566,0.03297385,0.01648223,1
0.21763954,0.032961063,0.37126788,0.14397946,0.086103216,0.02398915,0.04958269,0.011890889,0.03533377,0.027252374,1
0.09717815,0.043441977,0.15695304,0.083001874,0.07039269,0.04915603,0.34237418,0.029501256,0.0720245,0.055976275,1
0.034425393,0.03880493,0.5920158,0.11726568,0.05900187,0.06756334,0.015831398,0.0148050785,0.031322703,0.028963756,1
0.08610934,0.02736171,0.6285142,0.018382724,0.013667368,0.022037396,0.053458713,0.009400419,0.102247804,0.038820375,1
0.1032893,0.015809227,0.27381885,0.3158452,0.0614669,0.020790387,0.065787025,0.013517745,0.10142628,0.028249074,1
0.16008899,0.022705292,0.060247134,0.06993559,0.04361876,0.04952046,0.38447633,0.03299921,0.13644089,0.03996734,1
0.14771271,0.022509437,0.026835896,0.033481523,0.052098405,0.10308431,0.06016536,0.015426917,0.50108117,0.0376043,1
0.5924182,0.024140993,0.07782919,0.03337359,0.014321947,0.08186998,0.019476471,0.016702816,0.12423871,0.015628083,1
0.1813092,0.027277637,0.14314099,0.03809569,0.043254603,0.05477745,0.33455768,0.038217653,0.071475014,0.06789414,1
0.69785535,0.026363458,0.06264358,0.049808342,0.028708564,0.047964346,0.012835732,0.0062317527,0.051717136,0.015871719,1
0.22073129,0.037895806,0.040002275,0.109899774,0.043934148,0.048779342,0.29168165,0.067555055,0.08203062,0.05749009,1
0.15913574,0.03157317,0.08008653,0.0670527,0.07164849,0.05365327,0.3636162,0.043971226,0.07363716,0.055625517,1
0.040947407,0.018019458,0.03329974,0.030800747,0.02792649,0.048780985,0.69373006,0.0332972,0.038556483,0.034641474,1
0.29757386,0.051042475,0.12464791,0.077739894,0.12319623,0.06633119,0.10311911,0.027298372,0.093094066,0.035956837,1
0.6282786,0.013767177,0.027247395,0.05031065,0.018204805,0.08359265,0.06458462,0.021818599,0.06326149,0.02893404,1
0.048367072,0.049758937,0.36788034,0.056695133,0.05003365,0.04212083,0.26091394,0.033948775,0.03884235,0.051438957,1
0.031825464,0.024888195,0.788035,0.031802528,0.019893158,0.0130067505,0.025019325,0.01093142,0.025343714,0.029254474,1
0.29465523,0.0294685,0.22980984,0.0422012,0.07491854,0.04485828,0.049885795,0.011698748,0.19093578,0.031568084,1
0.09960084,0.037626702,0.532946,0.06733689,0.020476397,0.048200797,0.11443072,0.016663998,0.046341512,0.016376145,1
0.053640433,0.046300612,0.29263222,0.07599897,0.05957593,0.052473783,0.28661898,0.03482819,0.038571887,0.059359062,1
0.10297791,0.02548632,0.018681059,0.011058346,0.018425887,0.037679143,0.7304358,0.012272658,0.021599228,0.021383634,1
0.22027223,0.028597409,0.2776254,0.03271735,0.06404671,0.033965204,0.070869096,0.016279502,0.22383454,0.031792562,1
0.053228848,0.031804014,0.04157986,0.027096534,0.040504374,0.037204973,0.66067874,0.033242516,0.03359793,0.041062173,1
0.2259644,0.022307243,0.06105448,0.08779674,0.1611569,0.067620315,0.23185386,0.032797646,0.060935568,0.04851288,1
0.0677447,0.023465391,0.018217552,0.0101180095,0.016026787,0.029823909,0.7442074,0.015928857,0.04388547,0.030581972,1
0.3555801,0.03785475,0.06413232,0.08405704,0.07496993,0.113893844,0.10768132,0.057762194,0.04579415,0.05827441,1
0.49657497,0.032483734,0.12755172,0.13026181,0.059420876,0.034417324,0.019543443,0.01126908,0.061360646,0.027116338,1
0.31076506,0.023243506,0.03344164,0.10891801,0.041095678,0.10380942,0.17922813,0.031127553,0.12425873,0.04411228,1
0.26234457,0.030084701,0.02931522,0.23095778,0.08869665,0.06164086,0.1151831,0.019572012,0.085314624,0.07689048,1
0.16560702,0.046610303,0.11185983,0.324113,0.099065304,0.04315864,0.05965085,0.047614686,0.047867443,0.05445288,1
0.43899375,0.02719741,0.022117594,0.049911063,0.0340896,0.042433556,0.2943269,0.023910535,0.0479653,0.019054223,1
0.10474293,0.03121749,0.12992184,0.13942347,0.04380407,0.05758527,0.3541227,0.05124432,0.045934554,0.042003337,1
0.03993017,0.043899026,0.70956916,0.03478809,0.019492747,0.026200589,0.04253631,0.019676194,0.023563907,0.04034385,1
0.31171417,0.023652736,0.05687279,0.042088058,0.037142675,0.03138096,0.26224044,0.044195168,0.14334129,0.047371667,1
0.19734995,0.028644076,0.23364788,0.09181797,0.023507304,0.03773268,0.039460506,0.023969764,0.26609218,0.057777744,1
0.2988656,0.031878605,0.03461193,0.057444762,0.088640735,0.09770421,0.20711865,0.04281541,0.09327224,0.047647882,1
0.13528222,0.03568849,0.07160338,0.23799084,0.067231596,0.06870648,0.20690781,0.030813452,0.1096919,0.036083847,1
0.5084942,0.034320757,0.018905777,0.02245103,0.02556902,0.103097335,0.15867148,0.014608997,0.083377436,0.030503983,1
0.05495322,0.017304134,0.019992387,0.05865447,0.038990244,0.025388462,0.6848861,0.020587798,0.040816024,0.03842722,1
0.40198034,0.10215612,0.11994477,0.061292008,0.050672088,0.08505624,0.044583876,0.030389171,0.05104496,0.052880377,1
0.45714626,0.03198987,0.13230121,0.09754497,0.065508574,0.04321055,0.049199726,0.008671877,0.07564058,0.038786486,1
0.106427014,0.028298562,0.63667154,0.031263024,0.025040938,0.012299622,0.06601019,0.015025452,0.03989446,0.03906917,1
0.3776514,0.030927755,0.251917,0.0950096,0.13507132,0.01982002,0.018998366,0.010319309,0.041235328,0.019049874,1
0.034167103,0.04328018,0.7229338,0.036747277,0.0201828,0.021274418,0.03715951,0.02412541,0.021671709,0.03845781,1
0.0833268,0.016962932,0.037102107,0.025829133,0.036561828,0.051784102,0.6812555,0.013469706,0.024853464,0.02885437,1
0.48588413,0.056531314,0.14696054,0.0547842,0.033898335,0.035159796,0.03613592,0.020941908,0.09131554,0.038388323,1
0.24064545,0.048506394,0.03749263,0.070986055,0.084505014,0.08123748,0.25342178,0.055429865,0.07484356,0.052931737,1
0.4799268,0.028447509,0.050158937,0.13988619,0.029383948,0.13053167,0.04885538,0.011910635,0.037218202,0.043680675,1
0.12690622,0.030320756,0.056222405,0.04729812,0.050763134,0.05040834,0.49695057,0.035662297,0.061394706,0.044073503,1
0.72914493,0.017651971,0.093298644,0.014814614,0.031719875,0.02758767,0.028456356,0.00831011,0.020864174,0.028151575,1
0.27364752,0.04021245,0.026422812,0.05274732,0.06922693,0.051082257,0.24189423,0.042670954,0.12895,0.073145516,1
0.23691343,0.05405011,0.04177181,0.10787815,0.09068821,0.08121337,0.13100494,0.068278566,0.15312651,0.035074968,1
0.1693868,0.030312011,0.07858886,0.036325395,0.02764637,0.04096623,0.529518,0.02043868,0.03120252,0.035615105,1
0.25429693,0.024220007,0.023078693,0.19311792,0.090948075,0.059268706,0.11745995,0.04024776,0.16532068,0.032041278,1
0.37060288,0.044214614,0.067153,0.021106025,0.014706062,0.042799663,0.15568027,0.03227454,0.2222715,0.029191416,1
0.18159668,0.022904204,0.08689728,0.051083177,0.12619498,0.06805661,0.34692073,0.014403138,0.04847429,0.05346886,1
0.16888425,0.025597978,0.12283231,0.43631318,0.057606097,0.059792496,0.038163517,0.010506039,0.057921093,0.02238306,1
0.078249596,0.02527029,0.026664522,0.051598728,0.054345712,0.061018676,0.5939002,0.021377899,0.036357284,0.051217075,1
0.33711165,0.021461057,0.2596746,0.038067594,0.027893635,0.052464202,0.048163757,0.0107535375,0.15376148,0.050648432,1
0.45754793,0.021997143,0.09461628,0.12118046,0.12725693,0.059003398,0.020026444,0.008275157,0.0430458,0.047050457,1
0.0772353,0.04052362,0.34434748,0.12029472,0.11032727,0.017739134,0.11237968,0.026865201,0.107376404,0.04291117,1
0.058616556,0.018171834,0.023168543,0.014203929,0.018402144,0.017197158,0.78573924,0.025158621,0.016575783,0.022766097,1
0.141187,0.043907892,0.09794416,0.050931923,0.06683769,0.068411924,0.05829488,0.015365692,0.4068094,0.050309423,1
0.05339696,0.022693971,0.037239935,0.5980781,0.018928442,0.015639763,0.12139716,0.014177791,0.09013064,0.028317317,1
0.13982405,0.017120512,0.075880654,0.29238924,0.065362655,0.042879842,0.24438912,0.020539252,0.06904666,0.032567993,1
0.20954347,0.044012845,0.4739867,0.033601865,0.070332386,0.054229878,0.023645421,0.01204779,0.04774429,0.030855428,1
0.46856177,0.027161654,0.028898349,0.03894389,0.04178059,0.058251336,0.21842498,0.04068869,0.031223804,0.046064872,1
0.34905967,0.03356834,0.03686141,0.13791604,0.06563658,0.037557483,0.1719406,0.014331884,0.07528989,0.07783806,1
0.17815213,0.052965783,0.11251524,0.094171286,0.09055361,0.06867651,0.10812993,0.06941504,0.15657575,0.06884472,1
0.11626465,0.037361372,0.055407416,0.15294689,0.052229367,0.04839773,0.3590416,0.06280477,0.051900186,0.063645996,1
0.72912323,0.014982174,0.09653857,0.011587219,0.021226715,0.03593043,0.024498824,0.0070072236,0.0339709,0.025134733,1
0.40955696,0.037742272,0.057976265,0.03386921,0.02461134,0.0537134,0.31308013,0.019845344,0.020389536,0.029215489,1
0.11419578,0.053869747,0.04066553,0.026081003,0.043176424,0.030624319,0.5168892,0.0550041,0.047724,0.071769856,1
0.16286899,0.05218285,0.095440626,0.24064289,0.10957711,0.047391906,0.12470801,0.04883413,0.055469554,0.06288389,1
0.34348583,0.09062354,0.12826869,0.090351924,0.06159541,0.08397228,0.051095147,0.04323245,0.047069415,0.060305286,1
0.22340217,0.034165118,0.026307134,0.15927672,0.055794884,0.25056016,0.06738072,0.007880128,0.0902541,0.08497887,1
0.25764558,0.033598285,0.02039424,0.0457258,0.035209768,0.16363592,0.11932902,0.016085224,0.27305153,0.03532466,1
0.04599885,0.03062998,0.26127452,0.12592791,0.04110931,0.01729919,0.36197037,0.019294146,0.058180615,0.03831521,1
0.13253929,0.034102537,0.100094356,0.019986637,0.019754082,0.13029183,0.48300368,0.011543838,0.043063793,0.025619926,1
0.06166709,0.024658583,0.042131636,0.032836005,0.054427344,0.058375597,0.60484767,0.028678268,0.051511977,0.040865798,1
0.21165812,0.059626814,0.12268098,0.038301367,0.065637834,0.071243726,0.04381139,0.061669867,0.26740858,0.05796136,1
0.16889763,0.027196143,0.060658164,0.025823463,0.050538745,0.03172419,0.5115138,0.037732568,0.04221706,0.04369825,1
0.26040757,0.049451184,0.07150995,0.0609906,0.0374999,0.042300113,0.08323318,0.03371826,0.3074761,0.053413097,1
0.05275193,0.031500343,0.6550735,0.041998245,0.040273674,0.032783996,0.05196272,0.025217894,0.038112838,0.030324835,1
0.43016005,0.016304495,0.023176974,0.21287514,0.08895467,0.03966337,0.073215395,0.017869564,0.048602454,0.049177874,1
0.10770432,0.03281434,0.15109473,0.2903159,0.07240631,0.029290678,0.18507537,0.030483626,0.05051204,0.05030268,1
0.33635375,0.059084866,0.27955034,0.05173011,0.03350092,0.068377346,0.05649017,0.020015748,0.05697297,0.037923772,1
0.1536548,0.020565594,0.055556245,0.15341361,0.06667818,0.01978141,0.056348167,0.026554681,0.3972427,0.0502046,1
0.41756797,0.03307162,0.03739093,0.05124645,0.05836768,0.036315087,0.081310004,0.061316844,0.17299265,0.050420765,1
0.4927303,0.023658555,0.041617777,0.041712213,0.023441125,0.105369136,0.13368796,0.031128,0.071107894,0.035546996,1
0.191562,0.043567855,0.10131416,0.1556283,0.10128782,0.048176266,0.23763514,0.0246975,0.04705335,0.049077574,1
0.04864401,0.02364044,0.030201208,0.032925773,0.028253032,0.05092803,0.6759833,0.033224404,0.03995163,0.03624813,1
0.21100624,0.04564394,0.42174187,0.064217605,0.02474895,0.06262425,0.053952247,0.014432934,0.06785029,0.033781663,1
0.11825334,0.0708455,0.12939979,0.19354336,0.15482779,0.061949845,0.061987642,0.053057317,0.09517083,0.060964588,1
0.05024737,0.015947003,0.02557516,0.02239872,0.04818319,0.08236708,0.64625645,0.013633959,0.052937306,0.04245377,1
0.52615994,0.03470831,0.13085772,0.03474205,0.0363612,0.06818476,0.06976244,0.016267145,0.050655976,0.03230053,1
0.17484042,0.028825853,0.075039074,0.11544235,0.09092182,0.05716145,0.29850194,0.026890704,0.07781928,0.054557174,1
0.61050403,0.033833653,0.021547554,0.053973686,0.028476767,0.04744932,0.043680683,0.04256043,0.08991582,0.028058007,1
0.16472024,0.030736076,0.07364865,0.3151106,0.13074431,0.04900261,0.11179409,0.020737715,0.04148702,0.062018715,1
0.06812948,0.012868323,0.0153012285,0.0069077634,0.011108528,0.015460842,0.82643265,0.011436954,0.010658711,0.021695653,1
0.037943058,0.021899795,0.031887468,0.02559434,0.02975474,0.020908147,0.7581853,0.020428838,0.025772123,0.027626222,1
0.095907144,0.026426665,0.20044273,0.34735817,0.09693144,0.02014996,0.114245,0.016583418,0.04618792,0.035767607,1
0.26082033,0.051274214,0.031576257,0.052886743,0.056059968,0.07089594,0.21153015,0.056843687,0.14871272,0.059399955,1
0.06755089,0.020243296,0.03401591,0.061788533,0.033711888,0.023831816,0.6843805,0.017614895,0.029704968,0.02715739,1
0.13937688,0.042599108,0.13174796,0.14670624,0.050743975,0.060033653,0.24048601,0.029900067,0.10977818,0.048627928,1
0.1611144,0.01803248,0.037233576,0.038423423,0.024784543,0.046703618,0.49550796,0.043630637,0.08346986,0.051099446,1
0.23473042,0.01927606,0.04770942,0.07985491,0.036399294,0.047956534,0.061023645,0.045644075,0.40264818,0.02475738,1
0.110725805,0.022168787,0.034770932,0.08272644,0.056082074,0.026528643,0.5472632,0.02851001,0.058394935,0.032829184,1
0.33100057,0.034029856,0.110746674,0.05464938,0.04036861,0.078643985,0.05375022,0.019050354,0.23839395,0.039366428,1
0.055766508,0.027240748,0.10642271,0.29088208,0.023388578,0.032856937,0.34040236,0.030606668,0.037823044,0.054610316,1
0.11048217,0.021333633,0.034631338,0.012406478,0.046989907,0.06718698,0.5906367,0.029252581,0.03644924,0.050631072,1
0.06416826,0.023526335,0.07508258,0.031752434,0.061911132,0.023216112,0.64997244,0.015539195,0.017361721,0.03746987,1
0.16293104,0.024080098,0.17059344,0.088427976,0.030251654,0.044409864,0.019324282,0.029628742,0.3877115,0.042641483,1
0.19581725,0.027858622,0.08790759,0.023487473,0.06198481,0.032835573,0.44719818,0.03230293,0.04540581,0.04520165,1
0.06267548,0.021401796,0.14224917,0.012992872,0.031394135,0.012329457,0.66240823,0.011280204,0.01888309,0.024385583,1
0.05197993,0.021094033,0.038904075,0.06940886,0.031779196,0.036460537,0.67485756,0.021786468,0.02526813,0.028461244,1
0.17193833,0.050610665,0.42541027,0.045105405,0.050282404,0.041516643,0.06903983,0.028044304,0.064029865,0.05402235,1
0.52589315,0.019861165,0.110551916,0.08807561,0.07210648,0.030656498,0.046746243,0.016752893,0.04838286,0.04097322,1
0.35101914,0.018843206,0.05248241,0.20885713,0.040406235,0.099838376,0.10498049,0.04134222,0.043060202,0.039170604,1
0.07386942,0.022739097,0.3492559,0.12739146,0.054966137,0.023587862,0.26065144,0.011989395,0.03456199,0.04098738,1
0.07654,0.01818721,0.013969909,0.017293736,0.023989754,0.05655082,0.7212678,0.012358397,0.025302297,0.034540053,1
0.35560647,0.031097477,0.046487678,0.055964153,0.07296575,0.037050262,0.2911526,0.028273448,0.034619346,0.046782743,1
0.3165923,0.029002126,0.05376505,0.08637995,0.12135782,0.09777142,0.1418552,0.018738216,0.08139767,0.053140253,1
0.16663647,0.0740717,0.43434173,0.055698376,0.052005593,0.11072662,0.023997942,0.0180211,0.027399056,0.037101425,1
0.22476673,0.05049258,0.35759884,0.041496444,0.054063525,0.03823786,0.047640767,0.034980826,0.08405333,0.06666915,1
0.1271365,0.03847409,0.0299475,0.03955185,0.08191906,0.0488844,0.48372155,0.02981162,0.04737563,0.07317778,1
0.629934,0.026691716,0.020531572,0.06336548,0.027723784,0.04945993,0.053270698,0.02577796,0.08183205,0.021412872,1
0.10693728,0.03911174,0.042555153,0.058800135,0.06855049,0.04605532,0.4790292,0.028287437,0.0363303,0.09434292,1
0.34972858,0.027760755,0.105018884,0.08416305,0.08668318,0.03887841,0.11162552,0.055829026,0.09267943,0.04763314,1
0.18300593,0.052210715,0.11989586,0.25125247,0.07815978,0.05575062,0.080088325,0.028139222,0.104745954,0.04675113,1
0.07861145,0.026630636,0.025015367,0.055700086,0.027186196,0.047089983,0.62565833,0.03208973,0.05060786,0.031410355,1
0.14388442,0.025787042,0.043740094,0.051603395,0.0899756,0.047079552,0.46373647,0.03257909,0.036225326,0.06538896,1
0.65302956,0.016454138,0.04519405,0.037421778,0.026811922,0.026555615,0.12415116,0.011432461,0.01931436,0.039634947,1
0.5528595,0.019249218,0.016319694,0.008642385,0.016053492,0.0480903,0.019616198,0.02568765,0.27362242,0.019859167,1
0.58909494,0.0286053,0.14251205,0.041017976,0.043874096,0.024146164,0.020372095,0.010639882,0.06659287,0.03314465,1
0.33975852,0.02753493,0.06622552,0.16111034,0.06291764,0.09783676,0.12181759,0.021160226,0.043310918,0.05832757,1
0.05247065,0.0326967,0.2845892,0.28531832,0.049494836,0.017987218,0.16935629,0.015662214,0.05019065,0.04223387,1
0.30569813,0.043005183,0.28297415,0.09592531,0.032151267,0.04454095,0.06135949,0.016397355,0.08143007,0.03651808,1
0.57417375,0.026977342,0.054309703,0.04532755,0.015000095,0.100361615,0.0521554,0.024974965,0.08086026,0.025859255,1
0.084881455,0.03622635,0.6729964,0.027207838,0.03380937,0.02131604,0.040809806,0.020140022,0.027109696,0.035502966,1
0.4530073,0.03924846,0.12193473,0.06894316,0.013267887,0.049845904,0.13929275,0.0127231,0.08129628,0.020440415,1
0.23700413,0.027921345,0.066028506,0.059481323,0.12548842,0.09143293,0.24057652,0.037893854,0.022184063,0.09198894,1
0.3913086,0.03019584,0.22752884,0.09836474,0.08331023,0.025411878,0.036897834,0.01852538,0.05404832,0.034408223,1
0.12935735,0.050199278,0.1146144,0.09031614,0.04564957,0.051599097,0.33894995,0.0211482,0.08686057,0.07130545,1
0.10715952,0.01923108,0.58817685,0.09130603,0.022004595,0.03600952,0.01892735,0.024821013,0.067596644,0.024767334,1
0.2626522,0.03695672,0.031824786,0.11969092,0.0722301,0.06394845,0.10176887,0.046481956,0.20664242,0.057803527,1
0.18749695,0.033190075,0.2771176,0.12791793,0.1406309,0.04845394,0.04471012,0.017251717,0.0678717,0.05535916,1
0.45114207,0.033016033,0.09479464,0.12138478,0.06748946,0.046540715,0.014257247,0.015487385,0.11784047,0.038047157,1
0.49421868,0.024615204,0.018359544,0.05444045,0.02643778,0.0379579,0.20469958,0.024746308,0.08413511,0.03038945,1
0.06727188,0.02166248,0.028059792,0.029312892,0.029001849,0.03059279,0.7039965,0.024134286,0.026261225,0.03970627,1
0.20828173,0.015189098,0.039557245,0.030455478,0.032158386,0.124538355,0.08075057,0.009721131,0.43168586,0.027662154,1
0.026808642,0.016460044,0.022411793,0.010982942,0.010419782,0.025481382,0.82455266,0.012237439,0.025375256,0.025270103,1
0.20832695,0.060045097,0.15570733,0.07626666,0.06601574,0.056260105,0.15633084,0.04615923,0.10772366,0.06716436,1
0.24213202,0.04105349,0.06412535,0.07301366,0.029420154,0.048221212,0.35116804,0.018590646,0.06900268,0.06327273,1
0.1492857,0.041168552,0.12163887,0.068973616,0.07271672,0.03680232,0.28451204,0.02853996,0.12773705,0.06862509,1
0.07453564,0.03723132,0.046937164,0.023977848,0.035301402,0.026932172,0.64938825,0.026889432,0.037298314,0.04150837,1
0.7641058,0.013876161,0.023440884,0.012227756,0.0067277164,0.08305205,0.0062752645,0.0032708019,0.07900372,0.008019858,1
0.045023374,0.025268262,0.043008573,0.016222594,0.022623127,0.020774158,0.7434723,0.0224334,0.032652605,0.02852167,1
0.5034145,0.022398982,0.1771351,0.036863934,0.054986134,0.042188138,0.075023144,0.0109789325,0.03594302,0.04106811,1
0.14389205,0.047187805,0.332083,0.07912131,0.031561807,0.042748194,0.11209306,0.021686079,0.13570929,0.053917397,1
0.22613475,0.03649547,0.39416245,0.12586507,0.044331416,0.048680156,0.033617154,0.0107342135,0.051345512,0.028633924,1
0.12215451,0.027219424,0.041350633,0.043353423,0.047216654,0.034941193,0.58984643,0.022721158,0.035323277,0.035873327,1
0.080548674,0.019887209,0.027726796,0.0351736,0.0234809,0.03340618,0.69651586,0.01607009,0.027411122,0.039779637,1
0.3984312,0.030086862,0.105486564,0.062255345,0.07000363,0.035027497,0.1292947,0.025559818,0.095440246,0.04841404,1
0.41784135,0.028623844,0.055475652,0.090493046,0.07362202,0.108855985,0.09472682,0.013968139,0.047741696,0.06865141,1
0.13791375,0.07853244,0.07992683,0.034478255,0.054340325,0.037576582,0.3614444,0.042788986,0.07718152,0.09581693,1
0.465215,0.040453274,0.122221775,0.034110166,0.062078804,0.042677186,0.047914464,0.029656585,0.11988639,0.035786368,1
0.21505699,0.02405553,0.08474422,0.092537165,0.045134574,0.047894277,0.31595582,0.027011424,0.10945918,0.038150802,1
0.15121973,0.022141073,0.108359456,0.022380691,0.14025441,0.061100785,0.3313959,0.030540071,0.092009194,0.040598728,1
0.20412844,0.054895002,0.038086534,0.10165658,0.08881989,0.07757899,0.1640142,0.06046272,0.15792291,0.052434772,1
0.08346326,0.031888712,0.12284988,0.04376271,0.06814377,0.02724042,0.51079863,0.024949761,0.037996054,0.048906773,1
0.46914,0.046014845,0.109972216,0.08984832,0.035324294,0.088176705,0.06326789,0.019179171,0.04565086,0.033425704,1
0.44871205,0.03894224,0.155871,0.06512041,0.053949606,0.06292556,0.06597704,0.01900876,0.06109249,0.028400801,1
0.28657758,0.04820472,0.29535145,0.05413812,0.04260128,0.027421825,0.076170065,0.020881716,0.10363953,0.04501366,1
0.35189518,0.0402474,0.086525925,0.021658614,0.087739296,0.07669686,0.12171408,0.04045788,0.11709934,0.055965494,1
0.4701694,0.038830996,0.08627906,0.06435849,0.06710631,0.04815599,0.090102084,0.041695297,0.042895045,0.050407294,1
0.3123539,0.026240094,0.08285252,0.076572224,0.039785556,0.038008954,0.30303195,0.043112956,0.041801378,0.036240444,1
0.17997767,0.023810428,0.08715346,0.11076804,0.13555612,0.03249796,0.29512346,0.030544955,0.06589536,0.03867251,1
0.40472376,0.044888053,0.044885054,0.10548938,0.11098814,0.098553866,0.047654502,0.022691995,0.080419086,0.039706185,1
0.06579318,0.02738681,0.04307894,0.023663925,0.037241336,0.020161776,0.63557816,0.013100892,0.1094638,0.024531106,1
0.1906073,0.03436165,0.040222302,0.028012749,0.023912607,0.041965764,0.5599801,0.03495357,0.015915101,0.030068826,1
0.3821125,0.03758194,0.046648875,0.05606883,0.04923246,0.07913069,0.06543341,0.031658456,0.21221569,0.03991716,1
0.29345915,0.02679451,0.035377096,0.043388706,0.07899811,0.022033619,0.10202001,0.042785928,0.31262255,0.042520307,1
0.13413373,0.049141254,0.053766143,0.081946276,0.07596023,0.054493595,0.20664038,0.055325452,0.229233,0.059359916,1
0.1426148,0.025544774,0.08986597,0.559897,0.02523414,0.031827684,0.03701025,0.027309868,0.03388966,0.026805907,1
0.038534857,0.020188574,0.033718165,0.03601988,0.026516989,0.019501112,0.7528634,0.015793908,0.030097099,0.0267661,1
0.17032285,0.04397258,0.2774935,0.035765346,0.05260349,0.025441842,0.16115709,0.008400209,0.181708,0.043135,1
0.0459747,0.053518727,0.2399139,0.06077389,0.035936728,0.047928765,0.39588806,0.03370317,0.045111887,0.041250207,1
0.4550409,0.046760205,0.072846904,0.042464904,0.034150466,0.054567818,0.11666497,0.029859355,0.07226136,0.07538311,1
0.19513103,0.025325341,0.53340507,0.021745529,0.038442865,0.021876385,0.06573332,0.007771396,0.056081254,0.03448778,1
0.1894044,0.025087964,0.08674094,0.20815435,0.05796117,0.061745945,0.24653034,0.020554531,0.06492963,0.038890783,1
0.20083632,0.07778092,0.08260645,0.21085483,0.10210806,0.059517104,0.058448244,0.046489745,0.11188138,0.049476974,1
0.14947566,0.033196066,0.014225149,0.02001844,0.014092618,0.030022446,0.6383303,0.030052397,0.043310132,0.027276816,1
0.048519798,0.022396803,0.42521572,0.27733997,0.037953224,0.012986038,0.07964963,0.024967516,0.034211654,0.036759637,1
0.23134156,0.044150867,0.26203546,0.07532425,0.04160116,0.035423342,0.109094374,0.021815151,0.13338713,0.045826763,1
0.18468334,0.023394234,0.14556062,0.18519603,0.09431287,0.027131326,0.07249816,0.037524324,0.18571766,0.04398146,1
0.22567062,0.032506984,0.043822046,0.112764314,0.036985945,0.049705278,0.35718086,0.018634263,0.047400903,0.07532874,1
0.2684482,0.022788731,0.09516725,0.19133523,0.103459686,0.02720636,0.1052466,0.047642365,0.092668064,0.046037436,1
0.097509176,0.040735967,0.15788445,0.12692033,0.156798,0.04531815,0.21523972,0.017504388,0.06492803,0.07716181,1
0.26435375,0.039686784,0.042639628,0.047835235,0.10392709,0.050503407,0.24800137,0.049788192,0.09612433,0.057140194,1
0.38768387,0.025774652,0.24594606,0.031781446,0.02918627,0.04923733,0.084539786,0.027676973,0.06888046,0.049293067,1
0.39695826,0.049310528,0.034542296,0.05829552,0.12989181,0.07580656,0.091909945,0.05260739,0.067114815,0.04356279,1
0.07198884,0.0210276,0.6774169,0.043156937,0.046802405,0.010994891,0.067511365,0.007131793,0.030282807,0.0236865,1
0.20613,0.038597424,0.11661905,0.092324965,0.07641758,0.08227737,0.25315204,0.025530742,0.055785835,0.053164996,1
0.0674028,0.023862509,0.027694607,0.025857702,0.03136625,0.03833664,0.71441567,0.015330832,0.023153536,0.03257954,1
0.7160047,0.010791389,0.054292895,0.0060558957,0.011218065,0.021280818,0.09808755,0.020603359,0.048760302,0.012905051,1
0.2336164,0.027367475,0.034121476,0.050040055,0.05983746,0.06653795,0.3977001,0.03836365,0.05109661,0.041318804,1
0.11943933,0.014397546,0.017151654,0.0068754693,0.015397747,0.019764213,0.752084,0.014683457,0.012070547,0.02813609,1
0.20662755,0.035699755,0.0865151,0.15628648,0.11194711,0.058029436,0.19798006,0.037649557,0.034453645,0.07481133,1
0.14871079,0.026496552,0.014875996,0.045304503,0.047163222,0.062028717,0.26078647,0.0065254173,0.3518749,0.03623344,1
0.45720097,0.038993575,0.06598476,0.07717518,0.07097512,0.073629364,0.058953535,0.032976244,0.08213852,0.04197281,1
0.06049443,0.020423736,0.033846736,0.023163676,0.073661655,0.09276268,0.5806453,0.014245965,0.050031558,0.050724227,1
0.16007666,0.029341418,0.07122401,0.13484155,0.0871984,0.051446956,0.28016686,0.04292056,0.093895,0.048888568,1
0.21439256,0.049362965,0.19761156,0.04375407,0.029941209,0.050735414,0.3225477,0.017580075,0.05240956,0.02166489,1
0.18764484,0.030112548,0.026532184,0.039286908,0.045336604,0.05402959,0.5095922,0.026476167,0.04366688,0.037322108,1
0.04029333,0.022274114,0.021127673,0.0132732,0.025084145,0.029069962,0.78524876,0.01729463,0.022238567,0.024095671,1
0.11465808,0.03028476,0.122553274,0.050972924,0.03395466,0.031688843,0.3938857,0.037664067,0.13036102,0.053976607,1
0.1717605,0.02884452,0.2763492,0.08992621,0.0252873,0.044661053,0.035900343,0.029767664,0.24598096,0.051522315,1
0.68965614,0.029101707,0.08546343,0.022922827,0.023983488,0.038019326,0.021970926,0.020751286,0.040802106,0.027328828,1
0.4100402,0.02820933,0.1032988,0.016261134,0.030539993,0.050624367,0.24879533,0.0207289,0.056848627,0.03465335,1
0.31926656,0.026460662,0.36424685,0.10598611,0.07248783,0.018871726,0.030078737,0.010955035,0.028372034,0.02327441,1
0.042110547,0.027093315,0.026538337,0.025852393,0.033957545,0.036230095,0.70403403,0.036703024,0.031750537,0.035730124,1
0.05525772,0.028298156,0.020410314,0.18645129,0.05284549,0.0185243,0.46920383,0.045372467,0.061544005,0.062092397,1
0.041034464,0.029296821,0.0420488,0.020063883,0.034530584,0.02702815,0.72429484,0.022821108,0.03012009,0.02876128,1
0.10487896,0.045191675,0.036061753,0.030431116,0.051285047,0.07742177,0.49158356,0.05011497,0.06498435,0.04804673,1
0.6173005,0.02580754,0.08227925,0.049184237,0.038937762,0.04241303,0.094345115,0.011924926,0.015496287,0.022311402,1
0.5564418,0.019584714,0.022623459,0.006131855,0.012459687,0.056926727,0.2793471,0.0073376065,0.02039094,0.018756127,1
0.6605734,0.031329304,0.13095629,0.010428272,0.046573438,0.03195108,0.027276475,0.015704608,0.022697132,0.022509936,1
0.24129619,0.048265725,0.17661694,0.17157657,0.04473991,0.044582795,0.17844109,0.01864208,0.044697315,0.031141406,1
0.63118386,0.016097607,0.024061415,0.045797594,0.03181745,0.09237912,0.054304082,0.027514728,0.04740063,0.029443461,1
0.09792575,0.028086744,0.017853692,0.017352188,0.011704134,0.028901482,0.7336738,0.013936192,0.029505402,0.02106064,1
0.19162355,0.029446693,0.021208,0.05591562,0.037813023,0.05326664,0.42878717,0.032789152,0.09909737,0.05005285,1
0.1270931,0.024464566,0.040715013,0.049130324,0.07694748,0.03718786,0.52254355,0.021258928,0.053432062,0.047227133,1
0.18151785,0.06125296,0.15833572,0.036731757,0.074007705,0.05699355,0.04033345,0.053458568,0.27577716,0.06159128,1
0.34038904,0.034374073,0.057923444,0.053452175,0.095614165,0.044156905,0.24046116,0.04142766,0.03510309,0.05709827,1
0.17640825,0.021203144,0.039498232,0.029499952,0.00628709,0.044687912,0.008207175,0.012725443,0.64707637,0.014406438,1
0.070426054,0.01875733,0.025518054,0.018290041,0.016974462,0.019636076,0.74485326,0.026054932,0.02464393,0.034845855,1
0.15486902,0.044751827,0.04403047,0.17878519,0.08477422,0.049068056,0.28214592,0.04512772,0.03093201,0.08551562,1
0.10233574,0.039340477,0.1796608,0.123734415,0.06314349,0.058791824,0.3037227,0.053905904,0.040359017,0.035005596,1
0.038040828,0.03249079,0.0591443,0.021391679,0.021886773,0.020039508,0.7228249,0.027187437,0.026281938,0.030711822,1
0.12959984,0.02568663,0.052913435,0.029765466,0.016943263,0.041506473,0.5585963,0.020935347,0.09543688,0.028616374,1
0.09366106,0.026829135,0.45461762,0.08904781,0.048806816,0.01905667,0.08314342,0.024730086,0.117613226,0.042494066,1
0.23156771,0.04851807,0.058325466,0.03632348,0.06946339,0.06350774,0.22579618,0.039000917,0.15349904,0.07399806,1
0.11846059,0.024593966,0.037111558,0.028313575,0.030265445,0.030892266,0.6780617,0.007920962,0.020613234,0.023766655,1
0.04462891,0.02194098,0.017322596,0.016473625,0.019576088,0.02463594,0.7725809,0.023867162,0.035975073,0.022998784,1
0.1542349,0.04901242,0.13044688,0.04556221,0.07840187,0.086866595,0.3284775,0.02177374,0.051460523,0.05376328,1
0.3224473,0.048785858,0.2674548,0.05239174,0.042530563,0.0330173,0.06997942,0.018574681,0.103686616,0.04113168,1
0.20262976,0.034326997,0.08687475,0.20707637,0.041295525,0.06445631,0.04416361,0.037930023,0.24122904,0.04001756,1
0.25713176,0.0343514,0.4326029,0.042121053,0.043862104,0.02753119,0.040882986,0.011400864,0.061647866,0.048467904,1
0.15280819,0.046523716,0.2602781,0.08230428,0.025667105,0.049614362,0.0655033,0.016811213,0.2528629,0.047626834,1
0.021052815,0.03574855,0.5233227,0.027788969,0.018232437,0.026459308,0.25117904,0.029822083,0.029204015,0.037190028,1
0.13958417,0.018925263,0.16125879,0.07471639,0.021044003,0.031228079,0.037962817,0.02357979,0.44927847,0.042422153,1
0.27681103,0.048622895,0.12545587,0.114985906,0.13032942,0.06426851,0.096532255,0.027196111,0.083544225,0.03225377,1
0.3057836,0.040092293,0.10931633,0.13335502,0.118746646,0.10367411,0.07942591,0.024591688,0.033784177,0.05123025,1
0.3587706,0.03936583,0.11288155,0.0343095,0.023720419,0.051305618,0.3097196,0.015439337,0.02216604,0.032321453,1
0.13915373,0.020846589,0.02819673,0.013204574,0.027015379,0.04267446,0.657261,0.009662134,0.031067507,0.030917794,1
0.14955562,0.041813366,0.39892247,0.052414194,0.05183188,0.039894626,0.053745136,0.034909263,0.10582712,0.07108633,1
0.2039729,0.034352295,0.4338545,0.081110395,0.082848914,0.018718626,0.027832568,0.0112485,0.07366632,0.032394998,1
0.08988668,0.021020873,0.030767366,0.030939644,0.03170143,0.03492766,0.67676157,0.024884572,0.02616736,0.032942746,1
0.58506364,0.018154377,0.093979366,0.042033374,0.023607856,0.061305035,0.08220656,0.010047255,0.063279234,0.020323317,1
0.669591,0.022298263,0.022726076,0.04831359,0.04498658,0.029070565,0.018381365,0.028347885,0.089592844,0.026691748,1
0.2915777,0.038549904,0.13058445,0.055071406,0.046873156,0.05215869,0.16610153,0.036756452,0.14627019,0.03605651,1
0.22516863,0.027720137,0.035098925,0.17516755,0.11453427,0.07311522,0.21404405,0.013794858,0.04795627,0.07340005,1
0.66935986,0.0381514,0.048405647,0.029873488,0.028711325,0.04917997,0.026909707,0.019117728,0.06802184,0.022269076,1
0.71747345,0.03881316,0.017178092,0.009375242,0.021862507,0.049589027,0.029782316,0.02116735,0.07762815,0.01713074,1
0.614226,0.026578896,0.021040581,0.027827002,0.026535422,0.06294313,0.07808929,0.021268576,0.09464725,0.026843911,1
0.016706916,0.012214196,0.0127515765,0.015270927,0.016200159,0.019869326,0.8557017,0.0127488095,0.022692943,0.01584347,1
0.5100535,0.030780736,0.07256502,0.044670857,0.035563927,0.109762415,0.07695913,0.012566412,0.07816005,0.02891795,1
0.7664092,0.025792303,0.012532131,0.0121556595,0.015993642,0.048062596,0.028999176,0.01713462,0.054450333,0.018470405,1
0.11649244,0.035971582,0.13569835,0.027391441,0.02905894,0.019517135,0.4690004,0.041052166,0.08523442,0.040583055,1
0.2388404,0.041918132,0.05721721,0.04389942,0.03215188,0.037213124,0.046151437,0.027221512,0.43291992,0.04246691,1
0.69601357,0.03307346,0.060510084,0.034745768,0.016232865,0.029773025,0.030987909,0.025071003,0.052175846,0.021416534,1
0.13809973,0.03673811,0.5261445,0.07248243,0.088202715,0.031031627,0.02424273,0.008911076,0.049135804,0.025011193,1
0.14890133,0.02940962,0.022109052,0.043929573,0.033995055,0.041549955,0.57746965,0.042951263,0.025976773,0.0337077,1
0.38001695,0.020803897,0.14761794,0.19930764,0.09537532,0.03100203,0.04399898,0.018550083,0.040170528,0.023156706,1
0.035236742,0.01790047,0.034253333,0.03205894,0.045788746,0.028899504,0.71686745,0.02092862,0.029656714,0.038409404,1
0.0992872,0.039600324,0.07896403,0.023565896,0.035770927,0.024925074,0.57163596,0.031823903,0.05474043,0.039686274,1
0.19294521,0.023765836,0.027514083,0.0334271,0.028682513,0.0359539,0.56877947,0.026647462,0.031677455,0.030607058,1
0.035782862,0.01377368,0.016425747,0.023145033,0.01487726,0.018970469,0.82864386,0.013950179,0.014990276,0.019440562,1
0.045613024,0.025755145,0.06379527,0.01894263,0.026485529,0.01904529,0.66127026,0.033990014,0.072702065,0.032400697,1
0.060134936,0.016762223,0.03980212,0.4036169,0.03481957,0.02019593,0.3547809,0.014778398,0.022280097,0.03282899,1
0.07931,0.02773878,0.70673645,0.029790062,0.012056153,0.022393672,0.050074957,0.0053577,0.035141967,0.031400315,1
0.65347826,0.030805217,0.10420741,0.020582274,0.026263887,0.046653822,0.04377576,0.014304162,0.03355045,0.026378728,1
0.37968668,0.03305388,0.095164336,0.029942296,0.02691777,0.060814098,0.20256284,0.015094325,0.12851615,0.02824763,1
0.49230653,0.03875222,0.075915106,0.03829479,0.03157779,0.09692413,0.11352194,0.017063547,0.059787314,0.035856634,1
0.12143468,0.033417456,0.056624603,0.037030634,0.046513055,0.02595836,0.4692845,0.056500223,0.09614865,0.057087846,1
0.28893122,0.025881052,0.3143635,0.08335785,0.10650801,0.022658728,0.08594158,0.009099928,0.030440407,0.03281765,1
0.115374885,0.028383125,0.05110695,0.010581069,0.05735734,0.037033457,0.57214767,0.028714767,0.059680004,0.039620813,1
0.27307853,0.024642218,0.029830702,0.099151455,0.106637,0.056302033,0.1721546,0.032373294,0.12872739,0.07710279,1
0.20001459,0.030708175,0.02607251,0.031928044,0.04149007,0.0562883,0.46660367,0.047660213,0.052915607,0.04631878,1
0.07905097,0.033212114,0.050974313,0.01986695,0.030402007,0.025944144,0.6362528,0.02874798,0.05313109,0.04241756,1
0.107712865,0.043830745,0.069454044,0.08940612,0.07476976,0.113161094,0.3628325,0.023567948,0.052320056,0.06294488,1
0.08067513,0.037135042,0.078556456,0.13342242,0.055949956,0.071138345,0.4052872,0.021985445,0.07832081,0.037529223,1
0.30749616,0.025847932,0.06171991,0.10816582,0.048436616,0.106412545,0.19650201,0.028818414,0.055322513,0.06127807,1
0.57707226,0.025984786,0.15025072,0.05010328,0.039093442,0.025310734,0.051388588,0.01182961,0.049256485,0.0197101,1
0.20216553,0.034560088,0.3495207,0.10916986,0.02450803,0.021245038,0.05929723,0.01056847,0.15102609,0.037939027,1
0.20665446,0.040330358,0.038504247,0.05671036,0.0331613,0.08001785,0.32706884,0.038284723,0.14354756,0.035720307,1
0.10317528,0.033922557,0.115250856,0.03514057,0.07027657,0.036545064,0.47512454,0.026009325,0.040248185,0.064307034,1
0.17027266,0.034327097,0.031668548,0.10433278,0.13270305,0.124653175,0.23416677,0.024218723,0.07382629,0.06983092,1
0.15208384,0.02221934,0.024076482,0.084467836,0.026196752,0.08133857,0.032126546,0.0106129665,0.54891497,0.017962724,1
0.26311523,0.061033837,0.23115835,0.13182224,0.117805965,0.051722974,0.043142304,0.019565752,0.04642777,0.03420557,1
0.15324865,0.04829207,0.028276458,0.04037448,0.06417372,0.048949193,0.46694833,0.022172842,0.09206446,0.03549987,1
0.35948658,0.040352724,0.08393807,0.050606314,0.05115726,0.038236976,0.19565341,0.03124016,0.08366259,0.06566597,1
0.18751048,0.059775334,0.14873074,0.16390665,0.06956755,0.05501309,0.10414683,0.034689203,0.11642171,0.060238432,1
0.21545836,0.024428165,0.07097696,0.059398886,0.04458479,0.05045498,0.39625728,0.029917313,0.0718753,0.036647916,1
0.073471606,0.036897827,0.057580873,0.19798963,0.047641713,0.02778239,0.36980358,0.047923226,0.08271466,0.058194578,1
0.7612589,0.024194723,0.029081767,0.043075617,0.037676126,0.020164486,0.009800955,0.01067035,0.040981986,0.023095151,1
0.0514351,0.027929667,0.63455224,0.0822057,0.04384679,0.01419777,0.08038921,0.0068461937,0.037008382,0.021588918,1
0.2044181,0.05803975,0.036682796,0.035530437,0.050574526,0.07954644,0.26762044,0.0525,0.15366317,0.06142438,1
0.05255889,0.016429484,0.023310775,0.016277175,0.01653414,0.016682977,0.8006301,0.022125978,0.014969221,0.020481268,1
0.08585038,0.018295282,0.70893544,0.02330112,0.033975344,0.00610254,0.04697241,0.021305978,0.03270833,0.022553217,1
0.06332547,0.033787668,0.5553718,0.037097458,0.059277028,0.023465104,0.08877586,0.028362092,0.045478147,0.0650594,1
0.027577313,0.027893277,0.66634524,0.07226658,0.05548504,0.08227057,0.013267274,0.010860513,0.02129414,0.022740118,1
0.05436725,0.035054497,0.64813113,0.039808188,0.027745409,0.015374528,0.07739168,0.014446422,0.047872894,0.03980798,1
0.4992478,0.024774566,0.01947776,0.025419606,0.037465237,0.03925068,0.2363646,0.025212705,0.0699675,0.02281957,1
0.03931264,0.019974774,0.03496329,0.022452956,0.04432315,0.017277438,0.7396398,0.021223268,0.034353025,0.026479606,1
0.15601194,0.03775671,0.27479565,0.21307224,0.05589684,0.031202901,0.041411635,0.021393688,0.11827017,0.05018822,1
0.4346358,0.02629406,0.17484099,0.062391575,0.0674962,0.033302955,0.11132153,0.012025409,0.036626834,0.04106466,1
0.160489,0.046553347,0.39527223,0.14120144,0.010684437,0.03821576,0.036996864,0.021520197,0.12339015,0.025676562,1
0.15260792,0.035297647,0.05649347,0.06145973,0.08958462,0.08275171,0.31802312,0.025562342,0.0922482,0.0859712,1
0.4517545,0.030039633,0.042153433,0.033431582,0.05893851,0.034109,0.12386148,0.04967866,0.13024223,0.045791008,1
0.19923025,0.031550985,0.07188752,0.05936144,0.07319322,0.089064546,0.3787099,0.020917024,0.031169211,0.04491585,1
0.09662895,0.0572023,0.11815816,0.050259273,0.046509087,0.0541308,0.3722608,0.022950541,0.12149378,0.060406275,1
0.53697175,0.039138004,0.13581562,0.062140316,0.07815587,0.03609315,0.022749769,0.011296451,0.049413215,0.028225955,1
0.15129554,0.041337397,0.11095304,0.07296433,0.09040306,0.07382222,0.10908647,0.04599773,0.2639749,0.040165238,1
0.14496636,0.059805967,0.06769472,0.023700068,0.052097447,0.03497029,0.44952714,0.0351313,0.07495331,0.05715332,1
0.10485598,0.024345903,0.0574735,0.053893585,0.08673601,0.021654634,0.551611,0.01853211,0.04911656,0.03178073,1
0.22269763,0.051107954,0.068908006,0.1862145,0.049236365,0.04395421,0.2674044,0.02053754,0.038019255,0.05192008,1
0.0646507,0.028803617,0.04363287,0.17174353,0.022197425,0.023750031,0.5174402,0.017831331,0.08158991,0.028360372,1
0.26551306,0.03460656,0.23917252,0.040160198,0.024142846,0.06857965,0.24464968,0.017030368,0.02915877,0.036986332,1
0.27914122,0.04802424,0.13618995,0.04582175,0.063734725,0.083530486,0.064806305,0.029272066,0.18549284,0.06398636,1
0.37402794,0.034808412,0.025160227,0.078266025,0.051714025,0.058791894,0.26118174,0.048747927,0.030343076,0.036958735,1
0.27330777,0.017959354,0.042060573,0.10394705,0.115118645,0.04052679,0.28823456,0.018915202,0.039616928,0.060313094,1
0.26498875,0.035995904,0.12506475,0.05436082,0.031567473,0.039809875,0.33228695,0.023795027,0.049501497,0.042628977,1
0.1495665,0.022477012,0.03322407,0.022836663,0.023738103,0.05287354,0.589792,0.023501405,0.041460384,0.040530328,1
0.25845042,0.049589843,0.13965619,0.11742292,0.12008393,0.077887625,0.069215916,0.041356087,0.07224387,0.054093204,1
0.28405598,0.015520892,0.025240272,0.026957005,0.023108622,0.03460896,0.009884842,0.008150198,0.5461423,0.026330935,1
0.09658635,0.023239821,0.042386748,0.052027658,0.03356092,0.06599887,0.5569118,0.035608858,0.050694592,0.042984333,1
0.119585484,0.026914297,0.053368025,0.04493534,0.07289422,0.052065697,0.48854035,0.04870727,0.041188776,0.05180043,1
0.11865243,0.03835649,0.17274733,0.055884145,0.044896003,0.03057525,0.41352436,0.01815502,0.07104642,0.036162633,1
0.13759226,0.021154165,0.48148677,0.11825111,0.11629867,0.025454408,0.036791947,0.009911012,0.028812818,0.024246905,1
0.24918905,0.03319391,0.37841073,0.13150366,0.03728187,0.05698665,0.02843117,0.010741065,0.04823548,0.026026431,1
0.3736782,0.030661223,0.06720981,0.18155,0.06744847,0.050334696,0.07381353,0.021420196,0.08618739,0.047696546,1
0.36804584,0.04728136,0.12430255,0.18346097,0.048675925,0.029703751,0.018367846,0.013501082,0.13666983,0.029990848,1
0.41685206,0.037766136,0.06816541,0.18826339,0.084448375,0.04037956,0.041814044,0.01746836,0.07697145,0.027871259,1
0.09245716,0.019760072,0.030859206,0.013406557,0.02327223,0.030936887,0.71838677,0.014176625,0.028447665,0.028296793,1
0.5406424,0.020664794,0.23051867,0.051973846,0.049603112,0.019473452,0.020253193,0.0076352195,0.037012078,0.022223204,1
0.13304365,0.046409618,0.40423563,0.032336242,0.027713165,0.03512842,0.14926194,0.014148125,0.101985656,0.055737585,1
0.51248205,0.031070115,0.120019086,0.021986965,0.037235767,0.054527745,0.051685527,0.011270194,0.117446035,0.042276524,1
0.33056864,0.042520933,0.1828185,0.06798041,0.01950296,0.0369405,0.20940714,0.015232566,0.060388308,0.03463996,1
0.24729575,0.017359022,0.05652033,0.10250869,0.039936733,0.043980703,0.39045584,0.02215616,0.038746107,0.04104061,1
0.12632199,0.060245063,0.1304385,0.048244543,0.0718662,0.04962983,0.3826365,0.0461033,0.042285316,0.042228803,1
0.34142417,0.037779074,0.15682201,0.12059248,0.10001425,0.04904954,0.0545925,0.029951937,0.06839829,0.04137572,1
0.14143202,0.035105832,0.035528067,0.040112846,0.027254496,0.032102063,0.606434,0.014971996,0.036328003,0.030730681,1
0.28072804,0.03131474,0.023321116,0.09026518,0.09499775,0.10339001,0.24799451,0.02902488,0.034218084,0.0647457,1
0.56219363,0.03794203,0.07693775,0.03940588,0.023733346,0.049226288,0.13583066,0.02432017,0.023076352,0.027333831,1
0.027791755,0.017868517,0.018850148,0.035472542,0.021363346,0.015842453,0.7834244,0.032289524,0.02414526,0.02295211,1
0.109063305,0.051332433,0.11502176,0.034734037,0.102438465,0.038286176,0.33508626,0.034098685,0.12433439,0.055604637,1
0.24604785,0.023553152,0.014575876,0.0419739,0.03100972,0.04679925,0.35443202,0.01635983,0.18411507,0.041133296,1
0.06663386,0.012974133,0.017675757,0.015204038,0.021745482,0.039089102,0.767528,0.009455821,0.026036102,0.023657717,1
0.39582923,0.026933763,0.09117798,0.014008493,0.061353043,0.043702334,0.29940307,0.006659201,0.022717178,0.03821563,1
0.2021128,0.051147465,0.14709555,0.21680039,0.03872901,0.05331172,0.0870021,0.03478177,0.13365081,0.035368368,1
0.19746816,0.03824626,0.17033471,0.028229497,0.07936886,0.03252808,0.034673233,0.040282253,0.33506873,0.04380017,1
0.041299142,0.015206924,0.02341642,0.025076544,0.023615902,0.0408501,0.7449903,0.028598854,0.028599251,0.028346526,1
0.039637677,0.02940624,0.7558063,0.022264434,0.02625181,0.03022552,0.025205463,0.015378561,0.022602048,0.03322197,1
0.19314663,0.023071067,0.29529452,0.24235082,0.036836337,0.011069133,0.07144116,0.011608248,0.08052625,0.03465584,1
0.13101579,0.032209408,0.03886993,0.09762065,0.14733467,0.06643893,0.36673614,0.028699815,0.029043272,0.06203133,1
0.38982287,0.038078737,0.2057255,0.061218325,0.06210609,0.058575276,0.06877973,0.04454545,0.04103122,0.030116834,1
0.030588817,0.010850792,0.019869935,0.043831944,0.013768428,0.01815307,0.81780064,0.00994297,0.01848039,0.016713116,1
0.40750775,0.03705513,0.07980594,0.016926749,0.032826256,0.070426024,0.058369584,0.017748903,0.2529174,0.0264163,1
0.07406958,0.026988316,0.02644601,0.048569348,0.09537533,0.058872394,0.5540488,0.023548435,0.02515238,0.06692952,1
0.41466856,0.035025604,0.1677503,0.098421715,0.10082146,0.03143097,0.054904293,0.010023348,0.04897934,0.037974436,1
0.24318448,0.029067023,0.15107213,0.0154436575,0.024898743,0.026399769,0.415492,0.014821213,0.054400302,0.025220659,1
0.103047535,0.055019423,0.31831038,0.2072238,0.084667824,0.04076829,0.07490053,0.01545956,0.06320784,0.037394777,1
